{
  "Description Add" : {
    "transaction" : "Description Add",
    "sampleCount" : 55,
    "errorCount" : 0,
    "errorPct" : 0.0,
    "meanResTime" : 164.6545454545455,
    "medianResTime" : 152.0,
    "minResTime" : 134.0,
    "maxResTime" : 452.0,
    "pct1ResTime" : 178.6,
    "pct2ResTime" : 273.3999999999993,
    "pct3ResTime" : 452.0,
    "throughput" : 1.2216521179005355,
    "receivedKBytesPerSec" : 0.2624643222051931,
    "sentKBytesPerSec" : 0.7170048074787322
  },
  "Share Skill Add" : {
    "transaction" : "Share Skill Add",
    "sampleCount" : 55,
    "errorCount" : 0,
    "errorPct" : 0.0,
    "meanResTime" : 354.5090909090908,
    "medianResTime" : 105.0,
    "minResTime" : 97.0,
    "maxResTime" : 2259.0,
    "pct1ResTime" : 1806.7999999999995,
    "pct2ResTime" : 2143.7999999999993,
    "pct3ResTime" : 2259.0,
    "throughput" : 1.2238267951313944,
    "receivedKBytesPerSec" : 0.2677121114349925,
    "sentKBytesPerSec" : 2.084330010458156
  },
  "SignOut" : {
    "transaction" : "SignOut",
    "sampleCount" : 55,
    "errorCount" : 0,
    "errorPct" : 0.0,
    "meanResTime" : 55.32727272727272,
    "medianResTime" : 51.0,
    "minResTime" : 43.0,
    "maxResTime" : 173.0,
    "pct1ResTime" : 59.599999999999994,
    "pct2ResTime" : 83.79999999999973,
    "pct3ResTime" : 173.0,
    "throughput" : 1.3112096505030277,
    "receivedKBytesPerSec" : 0.2599370693868307,
    "sentKBytesPerSec" : 0.6901777359581367
  },
  "Add Education" : {
    "transaction" : "Add Education",
    "sampleCount" : 55,
    "errorCount" : 0,
    "errorPct" : 0.0,
    "meanResTime" : 100.81818181818181,
    "medianResTime" : 90.0,
    "minResTime" : 80.0,
    "maxResTime" : 175.0,
    "pct1ResTime" : 165.4,
    "pct2ResTime" : 173.39999999999998,
    "pct3ResTime" : 175.0,
    "throughput" : 1.2173258670680152,
    "receivedKBytesPerSec" : 0.246080521956132,
    "sentKBytesPerSec" : 0.8148215649277352
  },
  "Delete Education" : {
    "transaction" : "Delete Education",
    "sampleCount" : 55,
    "errorCount" : 0,
    "errorPct" : 0.0,
    "meanResTime" : 52.0909090909091,
    "medianResTime" : 50.0,
    "minResTime" : 44.0,
    "maxResTime" : 78.0,
    "pct1ResTime" : 60.0,
    "pct2ResTime" : 66.19999999999999,
    "pct3ResTime" : 78.0,
    "throughput" : 1.2219235298038258,
    "receivedKBytesPerSec" : 0.26013606396214256,
    "sentKBytesPerSec" : 0.7111976794561329
  },
  "Manage Listings togglelsActive" : {
    "transaction" : "Manage Listings togglelsActive",
    "sampleCount" : 55,
    "errorCount" : 0,
    "errorPct" : 0.0,
    "meanResTime" : 178.49090909090913,
    "medianResTime" : 158.0,
    "minResTime" : 144.0,
    "maxResTime" : 427.0,
    "pct1ResTime" : 279.0,
    "pct2ResTime" : 279.0,
    "pct3ResTime" : 427.0,
    "throughput" : 1.286700198853667,
    "receivedKBytesPerSec" : 0.23874320095917653,
    "sentKBytesPerSec" : 0.7438735524622764
  },
  "Certification Add" : {
    "transaction" : "Certification Add",
    "sampleCount" : 55,
    "errorCount" : 0,
    "errorPct" : 0.0,
    "meanResTime" : 96.27272727272728,
    "medianResTime" : 92.0,
    "minResTime" : 84.0,
    "maxResTime" : 199.0,
    "pct1ResTime" : 108.39999999999999,
    "pct2ResTime" : 114.6,
    "pct3ResTime" : 199.0,
    "throughput" : 1.2208928056116672,
    "receivedKBytesPerSec" : 0.2468015730093898,
    "sentKBytesPerSec" : 0.7888545666940443
  },
  "Certification Delete" : {
    "transaction" : "Certification Delete",
    "sampleCount" : 55,
    "errorCount" : 0,
    "errorPct" : 0.0,
    "meanResTime" : 57.34545454545455,
    "medianResTime" : 51.0,
    "minResTime" : 43.0,
    "maxResTime" : 195.0,
    "pct1ResTime" : 65.0,
    "pct2ResTime" : 94.19999999999963,
    "pct3ResTime" : 195.0,
    "throughput" : 1.2240446887588188,
    "receivedKBytesPerSec" : 0.24456986652349053,
    "sentKBytesPerSec" : 0.7172136848196203
  },
  "Search Skill Category" : {
    "transaction" : "Search Skill Category",
    "sampleCount" : 55,
    "errorCount" : 0,
    "errorPct" : 0.0,
    "meanResTime" : 1247.4363636363637,
    "medianResTime" : 1106.0,
    "minResTime" : 1071.0,
    "maxResTime" : 2086.0,
    "pct1ResTime" : 2004.2,
    "pct2ResTime" : 2077.6,
    "pct3ResTime" : 2086.0,
    "throughput" : 1.2643096869109467,
    "receivedKBytesPerSec" : 8.068616996057653,
    "sentKBytesPerSec" : 0.9173653294676106
  },
  "Update Education" : {
    "transaction" : "Update Education",
    "sampleCount" : 55,
    "errorCount" : 0,
    "errorPct" : 0.0,
    "meanResTime" : 230.09090909090904,
    "medianResTime" : 236.0,
    "minResTime" : 127.0,
    "maxResTime" : 560.0,
    "pct1ResTime" : 284.4,
    "pct2ResTime" : 348.7999999999993,
    "pct3ResTime" : 560.0,
    "throughput" : 1.2160608472627574,
    "receivedKBytesPerSec" : 0.2594709375276377,
    "sentKBytesPerSec" : 0.8614771960953391
  },
  "Add Language" : {
    "transaction" : "Add Language",
    "sampleCount" : 55,
    "errorCount" : 0,
    "errorPct" : 0.0,
    "meanResTime" : 170.6363636363636,
    "medianResTime" : 56.0,
    "minResTime" : 48.0,
    "maxResTime" : 1919.0,
    "pct1ResTime" : 245.99999999999943,
    "pct2ResTime" : 1634.9999999999984,
    "pct3ResTime" : 1919.0,
    "throughput" : 1.15345091542059,
    "receivedKBytesPerSec" : 0.23316830028521696,
    "sentKBytesPerSec" : 0.6793317980202588
  },
  "Manage Listings Delete" : {
    "transaction" : "Manage Listings Delete",
    "sampleCount" : 55,
    "errorCount" : 0,
    "errorPct" : 0.0,
    "meanResTime" : 221.4181818181818,
    "medianResTime" : 207.0,
    "minResTime" : 193.0,
    "maxResTime" : 291.0,
    "pct1ResTime" : 284.8,
    "pct2ResTime" : 291.0,
    "pct3ResTime" : 291.0,
    "throughput" : 1.2884484737742168,
    "receivedKBytesPerSec" : 0.24032583836999558,
    "sentKBytesPerSec" : 0.75243377667674
  },
  "Add Skill" : {
    "transaction" : "Add Skill",
    "sampleCount" : 55,
    "errorCount" : 0,
    "errorPct" : 0.0,
    "meanResTime" : 96.59999999999998,
    "medianResTime" : 53.0,
    "minResTime" : 46.0,
    "maxResTime" : 557.0,
    "pct1ResTime" : 206.19999999999953,
    "pct2ResTime" : 553.6,
    "pct3ResTime" : 557.0,
    "throughput" : 1.203975307560965,
    "receivedKBytesPerSec" : 0.243381727212031,
    "sentKBytesPerSec" : 0.753446550337113
  },
  "Update Certification" : {
    "transaction" : "Update Certification",
    "sampleCount" : 55,
    "errorCount" : 12,
    "errorPct" : 21.818182,
    "meanResTime" : 229.2363636363636,
    "medianResTime" : 237.0,
    "minResTime" : 131.0,
    "maxResTime" : 452.0,
    "pct1ResTime" : 280.0,
    "pct2ResTime" : 300.2,
    "pct3ResTime" : 452.0,
    "throughput" : 1.2179998228363895,
    "receivedKBytesPerSec" : 0.19154517810479227,
    "sentKBytesPerSec" : 0.8345634439498627
  },
  "Delete Language" : {
    "transaction" : "Delete Language",
    "sampleCount" : 55,
    "errorCount" : 0,
    "errorPct" : 0.0,
    "meanResTime" : 57.63636363636365,
    "medianResTime" : 52.0,
    "minResTime" : 46.0,
    "maxResTime" : 116.0,
    "pct1ResTime" : 95.0,
    "pct2ResTime" : 98.99999999999991,
    "pct3ResTime" : 116.0,
    "throughput" : 1.202816778200586,
    "receivedKBytesPerSec" : 0.23118770639242445,
    "sentKBytesPerSec" : 0.6989023271770984
  },
  "Total" : {
    "transaction" : "Total",
    "sampleCount" : 1100,
    "errorCount" : 12,
    "errorPct" : 1.0909091,
    "meanResTime" : 209.11181818181825,
    "medianResTime" : 143.0,
    "minResTime" : 43.0,
    "maxResTime" : 2259.0,
    "pct1ResTime" : 278.69999999999993,
    "pct2ResTime" : 1088.0,
    "pct3ResTime" : 1987.3100000000006,
    "throughput" : 20.909367396593673,
    "receivedKBytesPerSec" : 11.136447136129487,
    "sentKBytesPerSec" : 14.168695231713809
  },
  "SignIn" : {
    "transaction" : "SignIn",
    "sampleCount" : 55,
    "errorCount" : 0,
    "errorPct" : 0.0,
    "meanResTime" : 223.14545454545458,
    "medianResTime" : 176.0,
    "minResTime" : 162.0,
    "maxResTime" : 1646.0,