{
  "Description Add" : {
    "transaction" : "Description Add",
    "sampleCount" : 200,
    "errorCount" : 0,
    "errorPct" : 0.0,
    "meanResTime" : 150.60000000000005,
    "medianResTime" : 149.0,
    "minResTime" : 134.0,
    "maxResTime" : 210.0,
    "pct1ResTime" : 165.9,
    "pct2ResTime" : 181.95,
    "pct3ResTime" : 196.0,
    "throughput" : 1.3538028321555249,
    "receivedKBytesPerSec" : 0.29085607722091356,
    "sentKBytesPerSec" : 0.7945659200444047
  },
  "Share Skill Add" : {
    "transaction" : "Share Skill Add",
    "sampleCount" : 200,
    "errorCount" : 0,
    "errorPct" : 0.0,
    "meanResTime" : 109.93,
    "medianResTime" : 101.0,
    "minResTime" : 88.0,
    "maxResTime" : 499.0,
    "pct1ResTime" : 115.70000000000002,
    "pct2ResTime" : 125.0,
    "pct3ResTime" : 476.95000000000005,
    "throughput" : 1.3545271684286808,
    "receivedKBytesPerSec" : 0.29630281809377396,
    "sentKBytesPerSec" : 2.306929083730097
  },
  "SignOut" : {
    "transaction" : "SignOut",
    "sampleCount" : 200,
    "errorCount" : 0,
    "errorPct" : 0.0,
    "meanResTime" : 50.51499999999998,
    "medianResTime" : 50.0,
    "minResTime" : 42.0,
    "maxResTime" : 81.0,
    "pct1ResTime" : 56.0,
    "pct2ResTime" : 59.94999999999999,
    "pct3ResTime" : 76.94000000000005,
    "throughput" : 1.3584926165926288,
    "receivedKBytesPerSec" : 0.2693105480159215,
    "sentKBytesPerSec" : 0.7150659378353779
  },
  "Add Education" : {
    "transaction" : "Add Education",
    "sampleCount" : 200,
    "errorCount" : 0,
    "errorPct" : 0.0,
    "meanResTime" : 179.98000000000005,
    "medianResTime" : 185.0,
    "minResTime" : 130.0,
    "maxResTime" : 251.0,
    "pct1ResTime" : 203.9,
    "pct2ResTime" : 216.79999999999995,
    "pct3ResTime" : 243.99,
    "throughput" : 1.351132248824515,
    "receivedKBytesPerSec" : 0.2731292729557369,
    "sentKBytesPerSec" : 0.9046780420742582
  },
  "Delete Education" : {
    "transaction" : "Delete Education",
    "sampleCount" : 200,
    "errorCount" : 0,
    "errorPct" : 0.0,
    "meanResTime" : 51.62000000000002,
    "medianResTime" : 50.0,
    "minResTime" : 43.0,
    "maxResTime" : 114.0,
    "pct1ResTime" : 57.900000000000006,
    "pct2ResTime" : 66.0,
    "pct3ResTime" : 90.92000000000007,
    "throughput" : 1.355527842541886,
    "receivedKBytesPerSec" : 0.28857916960364366,
    "sentKBytesPerSec" : 0.7889595646044569
  },
  "Manage Listings togglelsActive" : {
    "transaction" : "Manage Listings togglelsActive",
    "sampleCount" : 200,
    "errorCount" : 0,
    "errorPct" : 0.0,
    "meanResTime" : 155.39000000000004,
    "medianResTime" : 152.0,
    "minResTime" : 131.0,
    "maxResTime" : 459.0,
    "pct1ResTime" : 170.0,
    "pct2ResTime" : 185.0,
    "pct3ResTime" : 200.95000000000005,
    "throughput" : 1.3576995139435741,
    "receivedKBytesPerSec" : 0.2519169020012491,
    "sentKBytesPerSec" : 0.7849200314986288
  },
  "Certification Add" : {
    "transaction" : "Certification Add",
    "sampleCount" : 200,
    "errorCount" : 0,
    "errorPct" : 0.0,
    "meanResTime" : 91.53500000000001,
    "medianResTime" : 90.0,
    "minResTime" : 82.0,
    "maxResTime" : 126.0,
    "pct1ResTime" : 96.9,
    "pct2ResTime" : 104.79999999999995,
    "pct3ResTime" : 119.99000000000001,
    "throughput" : 1.3551788158447509,
    "receivedKBytesPerSec" : 0.27394728015611663,
    "sentKBytesPerSec" : 0.8756254997221884
  },
  "Certification Delete" : {
    "transaction" : "Certification Delete",
    "sampleCount" : 200,
    "errorCount" : 0,
    "errorPct" : 0.0,
    "meanResTime" : 50.53999999999998,
    "medianResTime" : 50.0,
    "minResTime" : 43.0,
    "maxResTime" : 73.0,
    "pct1ResTime" : 56.0,
    "pct2ResTime" : 58.94999999999999,
    "pct3ResTime" : 70.95000000000005,
    "throughput" : 1.3552798314031889,
    "receivedKBytesPerSec" : 0.2708044983431704,
    "sentKBytesPerSec" : 0.794109276212806
  },
  "Search Skill Category" : {
    "transaction" : "Search Skill Category",
    "sampleCount" : 200,
    "errorCount" : 0,
    "errorPct" : 0.0,
    "meanResTime" : 1094.1350000000002,
    "medianResTime" : 1091.0,
    "minResTime" : 1032.0,
    "maxResTime" : 1455.0,
    "pct1ResTime" : 1125.0,
    "pct2ResTime" : 1142.75,
    "pct3ResTime" : 1409.0000000000018,
    "throughput" : 1.3488450514247177,
    "receivedKBytesPerSec" : 8.608107823301298,
    "sentKBytesPerSec" : 0.9787030011802393
  },
  "Update Education" : {
    "transaction" : "Update Education",
    "sampleCount" : 200,
    "errorCount" : 0,
    "errorPct" : 0.0,
    "meanResTime" : 238.4399999999999,
    "medianResTime" : 234.0,
    "minResTime" : 175.0,
    "maxResTime" : 714.0,
    "pct1ResTime" : 283.6,
    "pct2ResTime" : 330.5499999999999,
    "pct3ResTime" : 550.1400000000017,
    "throughput" : 1.350922342229157,
    "receivedKBytesPerSec" : 0.2925327345370051,
    "sentKBytesPerSec" : 0.957307898842935
  },
  "Add Language" : {
    "transaction" : "Add Language",
    "sampleCount" : 200,
    "errorCount" : 0,
    "errorPct" : 0.0,
    "meanResTime" : 60.519999999999975,
    "medianResTime" : 54.0,
    "minResTime" : 47.0,
    "maxResTime" : 425.0,
    "pct1ResTime" : 62.0,
    "pct2ResTime" : 69.0,
    "pct3ResTime" : 405.7500000000002,
    "throughput" : 1.3469374010842845,
    "receivedKBytesPerSec" : 0.27228129103949894,
    "sentKBytesPerSec" : 0.7933842749267602
  },
  "Manage Listings Delete" : {
    "transaction" : "Manage Listings Delete",
    "sampleCount" : 200,
    "errorCount" : 0,
    "errorPct" : 0.0,
    "meanResTime" : 202.4750000000001,
    "medianResTime" : 200.0,
    "minResTime" : 175.0,
    "maxResTime" : 257.0,
    "pct1ResTime" : 218.9,
    "pct2ResTime" : 234.89999999999998,
    "pct3ResTime" : 254.8800000000001,
    "throughput" : 1.3571559440037457,
    "receivedKBytesPerSec" : 0.2531413918991362,
    "sentKBytesPerSec" : 0.7925578657365625
  },
  "Add Skill" : {
    "transaction" : "Add Skill",
    "sampleCount" : 200,
    "errorCount" : 0,
    "errorPct" : 0.0,
    "meanResTime" : 55.090000000000025,
    "medianResTime" : 52.0,
    "minResTime" : 46.0,
    "maxResTime" : 406.0,
    "pct1ResTime" : 59.0,
    "pct2ResTime" : 66.94999999999999,
    "pct3ResTime" : 114.65000000000032,
    "throughput" : 1.3522467579883977,
    "receivedKBytesPerSec" : 0.27335456924179524,
    "sentKBytesPerSec" : 0.846237077591919
  },
  "Update Certification" : {
    "transaction" : "Update Certification",
    "sampleCount" : 200,
    "errorCount" : 42,
    "errorPct" : 21.0,
    "meanResTime" : 219.65500000000006,
    "medianResTime" : 232.5,
    "minResTime" : 129.0,
    "maxResTime" : 581.0,
    "pct1ResTime" : 249.0,
    "pct2ResTime" : 261.84999999999997,
    "pct3ResTime" : 519.0000000000018,
    "throughput" : 1.35373868782109,
    "receivedKBytesPerSec" : 0.21358400625427273,
    "sentKBytesPerSec" : 0.9275754032449116
  },
  "Delete Language" : {
    "transaction" : "Delete Language",
    "sampleCount" : 200,
    "errorCount" : 0,
    "errorPct" : 0.0,
    "meanResTime" : 51.260000000000026,
    "medianResTime" : 50.0,
    "minResTime" : 42.0,
    "maxResTime" : 80.0,
    "pct1ResTime" : 57.0,
    "pct2ResTime" : 61.0,
    "pct3ResTime" : 79.0,
    "throughput" : 1.352219329975322,
    "receivedKBytesPerSec" : 0.2599060630134208,
    "sentKBytesPerSec" : 0.7857133802102702
  },
  "Total" : {
    "transaction" : "Total",
    "sampleCount" : 4000,
    "errorCount" : 42,
    "errorPct" : 1.05,
    "meanResTime" : 177.79224999999994,
    "medianResTime" : 143.0,
    "minResTime" : 42.0,
    "maxResTime" : 1455.0,
    "pct1ResTime" : 237.0,
    "pct2ResTime" : 1036.749999999999,
    "pct3ResTime" : 1110.0,
    "throughput" : 26.15558650633292,
    "receivedKBytesPerSec" : 13.935448727694189,
    "sentKBytesPerSec" : 17.7244328120198
  },
  "SignIn" : {
    "transaction" : "SignIn",
    "sampleCount" : 200,
    "errorCount" : 0,
    "errorPct" : 0.0,
    "meanResTime" : 194.54000000000008,
    "medianResTime" : 185.0,