{
  "Add Education" : {
    "transaction" : "Add Education",
    "sampleCount" : 100,
    "errorCount" : 0,
    "errorPct" : 0.0,
    "meanResTime" : 471.90999999999997,
    "medianResTime" : 435.0,
    "minResTime" : 130.0,
    "maxResTime" : 946.0,
    "pct1ResTime" : 633.9,
    "pct2ResTime" : 749.0999999999998,
    "pct3ResTime" : 945.2299999999996,
    "throughput" : 0.34000652812534005,
    "receivedKBytesPerSec" : 0.06873178840033728,
    "sentKBytesPerSec" : 0.2292055726219943
  },
  "Add Certification" : {
    "transaction" : "Add Certification",
    "sampleCount" : 100,
    "errorCount" : 0,
    "errorPct" : 0.0,
    "meanResTime" : 124.27999999999997,
    "medianResTime" : 109.0,
    "minResTime" : 105.0,
    "maxResTime" : 456.0,
    "pct1ResTime" : 112.0,
    "pct2ResTime" : 239.79999999999905,
    "pct3ResTime" : 455.98,
    "throughput" : 0.3404904424332809,
    "receivedKBytesPerSec" : 0.06882961092157143,
    "sentKBytesPerSec" : 0.22311434264915184
  },
  "Delete Education" : {
    "transaction" : "Delete Education",
    "sampleCount" : 100,
    "errorCount" : 0,
    "errorPct" : 0.0,
    "meanResTime" : 107.60000000000004,
    "medianResTime" : 107.0,
    "minResTime" : 103.0,
    "maxResTime" : 119.0,
    "pct1ResTime" : 110.0,
    "pct2ResTime" : 112.89999999999998,
    "pct3ResTime" : 118.95999999999998,
    "throughput" : 0.3393223732206783,
    "receivedKBytesPerSec" : 0.07223855211143347,
    "sentKBytesPerSec" : 0.1991530725640895
  },
  "Active status Skill" : {
    "transaction" : "Active status Skill",
    "sampleCount" : 200,
    "errorCount" : 0,
    "errorPct" : 0.0,
    "meanResTime" : 333.07499999999993,
    "medianResTime" : 316.0,
    "minResTime" : 307.0,
    "maxResTime" : 660.0,
    "pct1ResTime" : 323.0,
    "pct2ResTime" : 616.2499999999975,
    "pct3ResTime" : 656.0,
    "throughput" : 0.6784329555592492,
    "receivedKBytesPerSec" : 0.12588111480103256,
    "sentKBytesPerSec" : 0.39420664898218094
  },
  "Update Education" : {
    "transaction" : "Update Education",
    "sampleCount" : 100,
    "errorCount" : 0,
    "errorPct" : 0.0,
    "meanResTime" : 704.72,
    "medianResTime" : 738.5,
    "minResTime" : 232.0,
    "maxResTime" : 1179.0,
    "pct1ResTime" : 848.9,
    "pct2ResTime" : 1038.95,
    "pct3ResTime" : 1178.98,
    "throughput" : 0.3391785096496286,
    "receivedKBytesPerSec" : 0.07269814384560595,
    "sentKBytesPerSec" : 0.24146595071736257
  },
  "delete Skill" : {
    "transaction" : "delete Skill",
    "sampleCount" : 100,
    "errorCount" : 0,
    "errorPct" : 0.0,
    "meanResTime" : 427.49000000000007,
    "medianResTime" : 424.0,
    "minResTime" : 414.0,
    "maxResTime" : 739.0,
    "pct1ResTime" : 429.0,
    "pct2ResTime" : 434.0,
    "pct3ResTime" : 736.4399999999987,
    "throughput" : 0.3398297452976059,
    "receivedKBytesPerSec" : 0.06371807724330111,
    "sentKBytesPerSec" : 0.19945085637095816
  },
  "Add Language" : {
    "transaction" : "Add Language",
    "sampleCount" : 100,
    "errorCount" : 0,
    "errorPct" : 0.0,
    "meanResTime" : 117.52000000000001,
    "medianResTime" : 110.0,
    "minResTime" : 105.0,
    "maxResTime" : 836.0,
    "pct1ResTime" : 113.0,
    "pct2ResTime" : 114.0,
    "pct3ResTime" : 828.8899999999963,
    "throughput" : 0.33796800118964737,
    "receivedKBytesPerSec" : 0.06831970336548535,
    "sentKBytesPerSec" : 0.20033845383019133
  },
  "Add Description info" : {
    "transaction" : "Add Description info",
    "sampleCount" : 100,
    "errorCount" : 0,
    "errorPct" : 0.0,
    "meanResTime" : 320.7,
    "medianResTime" : 317.0,
    "minResTime" : 309.0,
    "maxResTime" : 659.0,
    "pct1ResTime" : 322.0,
    "pct2ResTime" : 323.0,
    "pct3ResTime" : 655.6499999999983,
    "throughput" : 0.3390784525815738,
    "receivedKBytesPerSec" : 0.0728488862968225,
    "sentKBytesPerSec" : 0.21457308327427718
  },
  "Add Skill" : {
    "transaction" : "Add Skill",
    "sampleCount" : 100,
    "errorCount" : 0,
    "errorPct" : 0.0,
    "meanResTime" : 119.58999999999996,
    "medianResTime" : 109.0,
    "minResTime" : 104.0,
    "maxResTime" : 850.0,
    "pct1ResTime" : 112.0,
    "pct2ResTime" : 114.0,
    "pct3ResTime" : 845.7799999999978,
    "throughput" : 0.339636995978698,
    "receivedKBytesPerSec" : 0.06865708805428758,
    "sentKBytesPerSec" : 0.20995138520948808
  },
  "Add Share Skill" : {
    "transaction" : "Add Share Skill",
    "sampleCount" : 200,
    "errorCount" : 0,
    "errorPct" : 0.0,
    "meanResTime" : 329.21500000000003,
    "medianResTime" : 321.0,
    "minResTime" : 307.0,
    "maxResTime" : 1090.0,
    "pct1ResTime" : 328.0,
    "pct2ResTime" : 331.0,
    "pct3ResTime" : 1047.8500000000056,
    "throughput" : 0.6766586595391954,
    "receivedKBytesPerSec" : 0.148019081774199,
    "sentKBytesPerSec" : 1.251554200358629
  },
  "Update Certification" : {
    "transaction" : "Update Certification",
    "sampleCount" : 100,
    "errorCount" : 1,
    "errorPct" : 1.0,
    "meanResTime" : 426.29999999999995,
    "medianResTime" : 419.0,
    "minResTime" : 219.0,
    "maxResTime" : 755.0,
    "pct1ResTime" : 427.0,
    "pct2ResTime" : 432.0,
    "pct3ResTime" : 754.8699999999999,
    "throughput" : 0.3401198582380431,
    "receivedKBytesPerSec" : 0.057913377424204285,
    "sentKBytesPerSec" : 0.23615744063207875
  },
  "View Share Skill" : {
    "transaction" : "View Share Skill",
    "sampleCount" : 100,
    "errorCount" : 0,
    "errorPct" : 0.0,
    "meanResTime" : 109.58,
    "medianResTime" : 110.0,
    "minResTime" : 105.0,
    "maxResTime" : 113.0,
    "pct1ResTime" : 112.0,
    "pct2ResTime" : 113.0,
    "pct3ResTime" : 113.0,
    "throughput" : 0.3401939105290015,
    "receivedKBytesPerSec" : 0.24547781297839769,
    "sentKBytesPerSec" : 0.17674136757952033
  },
  "Delete Language" : {
    "transaction" : "Delete Language",
    "sampleCount" : 100,
    "errorCount" : 0,
    "errorPct" : 0.0,
    "meanResTime" : 113.97999999999996,
    "medianResTime" : 107.0,
    "minResTime" : 101.0,
    "maxResTime" : 446.0,
    "pct1ResTime" : 110.0,
    "pct2ResTime" : 111.0,
    "pct3ResTime" : 445.8299999999999,
    "throughput" : 0.3396381495155062,
    "receivedKBytesPerSec" : 0.06401383091454364,
    "sentKBytesPerSec" : 0.21293719920796383
  },
  "Total" : {
    "transaction" : "Total",
    "sampleCount" : 2100,
    "errorCount" : 1,
    "errorPct" : 0.04761905,
    "meanResTime" : 282.9871428571437,
    "medianResTime" : 316.0,
    "minResTime" : 101.0,
    "maxResTime" : 1299.0,
    "pct1ResTime" : 431.0,
    "pct2ResTime" : 636.9499999999998,
    "pct3ResTime" : 847.9799999999996,
    "throughput" : 6.935270805812417,
    "receivedKBytesPerSec" : 1.6549735025181638,
    "sentKBytesPerSec" : 5.135086845690225
  },
  "SignIn" : {
    "transaction" : "SignIn",
    "sampleCount" : 100,
    "errorCount" : 0,
    "errorPct" : 0.0,
    "meanResTime" : 379.2500000000001,
    "medianResTime" : 358.0,
    "minResTime" : 347.0,
    "maxResTime" : 1299.0,
    "pct1ResTime" : 370.70000000000005,
    "pct2ResTime" : 403.79999999999995,
    "pct3ResTime" : 1293.269999999997,
    "throughput" : 0.3365994701924339,
    "receivedKBytesPerSec" : 0.161725526694021,
    "sentKBytesPerSec" : 0.2149503179181996
  },
  "Update Language" : {
    "transaction" : "Update Language",
    "sampleCount" : 100,
    "errorCount" : 0,
    "errorPct" : 0.0,
    "meanResTime" : 443.38,
    "medianResTime" : 419.0,
    "minResTime" : 410.0,
    "maxResTime" : 1151.0,
    "pct1ResTime" : 425.0,
    "pct2ResTime" : 719.9999999999966,
    "pct3ResTime" : 1150.99,
    "throughput" : 0.33844039895354233,
    "receivedKBytesPerSec" : 0.07105926345215975,
    "sentKBytesPerSec" : 0.2095422001333455
  },
  "Delete Certification" : {
    "transaction" : "Delete Certification",
    "sampleCount" : 100,
    "errorCount" : 0,
    "errorPct" : 0.0,
    "meanResTime" : 107.31999999999998,
    "medianResTime" : 107.0,
    "minResTime" : 102.0,
    "maxResTime" : 137.0,