{
  "Add new skill" : {
    "transaction" : "Add new skill",
    "sampleCount" : 7496,
    "errorCount" : 0,
    "errorPct" : 0.0,
    "meanResTime" : 313.6714247598708,
    "medianResTime" : 266.0,
    "minResTime" : 144.0,
    "maxResTime" : 16710.0,
    "pct1ResTime" : 483.3000000000002,
    "pct2ResTime" : 664.1499999999996,
    "pct3ResTime" : 1075.0599999999995,
    "throughput" : 10.605441089293116,
    "receivedKBytesPerSec" : 2.3199402382828693,
    "sentKBytesPerSec" : 22.764413588150653
  },
  "Update Skills" : {
    "transaction" : "Update Skills",
    "sampleCount" : 7523,
    "errorCount" : 2788,
    "errorPct" : 37.059685,
    "meanResTime" : 317.76565200053193,
    "medianResTime" : 247.0,
    "minResTime" : 37.0,
    "maxResTime" : 4186.0,
    "pct1ResTime" : 679.0,
    "pct2ResTime" : 756.0,
    "pct3ResTime" : 874.0,
    "throughput" : 10.639847594048021,
    "receivedKBytesPerSec" : 2.3779771096718947,
    "sentKBytesPerSec" : 7.010476229706432
  },
  "Add Languages" : {
    "transaction" : "Add Languages",
    "sampleCount" : 7533,
    "errorCount" : 228,
    "errorPct" : 3.0266826,
    "meanResTime" : 176.37368910128828,
    "medianResTime" : 122.0,
    "minResTime" : 36.0,
    "maxResTime" : 93556.0,
    "pct1ResTime" : 324.0,
    "pct2ResTime" : 365.0,
    "pct3ResTime" : 434.65999999999985,
    "throughput" : 10.646311525801723,
    "receivedKBytesPerSec" : 2.1631489627690024,
    "sentKBytesPerSec" : 6.352437834243021
  },
  "Add Education" : {
    "transaction" : "Add Education",
    "sampleCount" : 7514,
    "errorCount" : 1470,
    "errorPct" : 19.563482,
    "meanResTime" : 204.5991482565874,
    "medianResTime" : 160.0,
    "minResTime" : 44.0,
    "maxResTime" : 93357.0,
    "pct1ResTime" : 376.0,
    "pct2ResTime" : 414.0,
    "pct3ResTime" : 485.85000000000036,
    "throughput" : 10.626758103362688,
    "receivedKBytesPerSec" : 2.1806663565309874,
    "sentKBytesPerSec" : 7.098342326855546
  },
  "Disable existing listing" : {
    "transaction" : "Disable existing listing",
    "sampleCount" : 14974,
    "errorCount" : 0,
    "errorPct" : 0.0,
    "meanResTime" : 301.44056364364974,
    "medianResTime" : 260.0,
    "minResTime" : 143.0,
    "maxResTime" : 24967.0,
    "pct1ResTime" : 416.0,
    "pct2ResTime" : 587.0,
    "pct3ResTime" : 921.25,
    "throughput" : 21.196391489168946,
    "receivedKBytesPerSec" : 3.922579931038119,
    "sentKBytesPerSec" : 12.02646821797574
  },
  "Delete Education" : {
    "transaction" : "Delete Education",
    "sampleCount" : 7505,
    "errorCount" : 1469,
    "errorPct" : 19.573618,
    "meanResTime" : 163.83157894736863,
    "medianResTime" : 108.0,
    "minResTime" : 1.0,
    "maxResTime" : 93595.0,
    "pct1ResTime" : 303.0,
    "pct2ResTime" : 345.0,
    "pct3ResTime" : 412.0,
    "throughput" : 10.619706949858852,
    "receivedKBytesPerSec" : 2.2648959343007338,
    "sentKBytesPerSec" : 6.146492293018303
  },
  "Delete Skills" : {
    "transaction" : "Delete Skills",
    "sampleCount" : 7516,
    "errorCount" : 2786,
    "errorPct" : 37.06759,
    "meanResTime" : 129.3320915380525,
    "medianResTime" : 92.0,
    "minResTime" : 1.0,
    "maxResTime" : 26627.0,
    "pct1ResTime" : 294.0,
    "pct2ResTime" : 337.0,
    "pct3ResTime" : 411.65999999999985,
    "throughput" : 10.630368399688273,
    "receivedKBytesPerSec" : 2.2521775919301983,
    "sentKBytesPerSec" : 6.7615769764692075
  },
  "Update Languages" : {
    "transaction" : "Update Languages",
    "sampleCount" : 7532,
    "errorCount" : 233,
    "errorPct" : 3.093468,
    "meanResTime" : 405.4405204460964,
    "medianResTime" : 342.0,
    "minResTime" : 36.0,
    "maxResTime" : 17196.0,
    "pct1ResTime" : 716.0,
    "pct2ResTime" : 784.3499999999995,
    "pct3ResTime" : 888.6700000000001,
    "throughput" : 10.647637007748234,
    "receivedKBytesPerSec" : 2.237348012385724,
    "sentKBytesPerSec" : 6.659820314057228
  },
  "Delete Languages" : {
    "transaction" : "Delete Languages",
    "sampleCount" : 7526,
    "errorCount" : 228,
    "errorPct" : 3.0294976,
    "meanResTime" : 165.7110018602175,
    "medianResTime" : 111.0,
    "minResTime" : 3.0,
    "maxResTime" : 93347.0,
    "pct1ResTime" : 314.0,
    "pct2ResTime" : 353.0,
    "pct3ResTime" : 429.72999999999956,
    "throughput" : 10.64580695810848,
    "receivedKBytesPerSec" : 2.031051633260013,
    "sentKBytesPerSec" : 6.180441790910184
  },
  "Update Education" : {
    "transaction" : "Update Education",
    "sampleCount" : 7512,
    "errorCount" : 7512,
    "errorPct" : 100.0,
    "meanResTime" : 225.5350106496273,
    "medianResTime" : 189.0,
    "minResTime" : 3.0,
    "maxResTime" : 4541.0,
    "pct1ResTime" : 438.0,
    "pct2ResTime" : 476.34999999999945,
    "pct3ResTime" : 557.0,
    "throughput" : 10.62340373176754,
    "receivedKBytesPerSec" : 2.0784355917258504,
    "sentKBytesPerSec" : 7.497338392867244
  },
  "Delete existing listing" : {
    "transaction" : "Delete existing listing",
    "sampleCount" : 7474,
    "errorCount" : 0,
    "errorPct" : 0.0,
    "meanResTime" : 360.91517259834126,
    "medianResTime" : 325.0,
    "minResTime" : 183.0,
    "maxResTime" : 1936.0,
    "pct1ResTime" : 485.0,
    "pct2ResTime" : 630.25,
    "pct3ResTime" : 997.0,
    "throughput" : 10.59440058854631,
    "receivedKBytesPerSec" : 1.9657579217029288,
    "sentKBytesPerSec" : 6.073157368629575
  },
  "Search Skill by all category" : {
    "transaction" : "Search Skill by all category",
    "sampleCount" : 7466,
    "errorCount" : 0,
    "errorPct" : 0.0,
    "meanResTime" : 1081.781007232787,
    "medianResTime" : 1019.0,
    "minResTime" : 630.0,
    "maxResTime" : 28063.0,
    "pct1ResTime" : 1398.3000000000002,
    "pct2ResTime" : 1561.0,
    "pct3ResTime" : 1906.0,
    "throughput" : 10.577482967078895,
    "receivedKBytesPerSec" : 66.06795025140293,
    "sentKBytesPerSec" : 7.9124530788890945
  },
  "Add Skills" : {
    "transaction" : "Add Skills",
    "sampleCount" : 7524,
    "errorCount" : 2788,
    "errorPct" : 37.05476,
    "meanResTime" : 168.51780967570448,
    "medianResTime" : 120.0,
    "minResTime" : 36.0,
    "maxResTime" : 94113.0,
    "pct1ResTime" : 319.0,
    "pct2ResTime" : 362.0,
    "pct3ResTime" : 435.0,
    "throughput" : 10.642977883710898,
    "receivedKBytesPerSec" : 2.2631490073485208,
    "sentKBytesPerSec" : 6.641467644229748
  },
  "Total" : {
    "transaction" : "Total",
    "sampleCount" : 127632,
    "errorCount" : 26999,
    "errorPct" : 21.153786,
    "meanResTime" : 286.037349567507,
    "medianResTime" : 298.0,
    "minResTime" : 1.0,
    "maxResTime" : 94113.0,
    "pct1ResTime" : 693.0,
    "pct2ResTime" : 945.0,
    "pct3ResTime" : 1477.9900000000016,
    "throughput" : 179.9793555083001,
    "receivedKBytesPerSec" : 102.28340662624375,
    "sentKBytesPerSec" : 125.3321960604486
  },
  "SignIn" : {
    "transaction" : "SignIn",
    "sampleCount" : 7538,
    "errorCount" : 0,
    "errorPct" : 0.0,
    "meanResTime" : 286.8737065534616,
    "medianResTime" : 261.0,
    "minResTime" : 150.0,
    "maxResTime" : 1214.0,
    "pct1ResTime" : 426.0,
    "pct2ResTime" : 486.0,
    "pct3ResTime" : 628.6099999999997,
    "throughput" : 10.642097698918144,
    "receivedKBytesPerSec" : 5.1131953787770765,
    "sentKBytesPerSec" : 3.604024215254709
  },
  "Add Cretifications" : {
    "transaction" : "Add Cretifications",
    "sampleCount" : 7502,
    "errorCount" : 0,
    "errorPct" : 0.0,
    "meanResTime" : 171.90189282857975,
    "medianResTime" : 121.0,
    "minResTime" : 36.0,
    "maxResTime" : 93355.0,
    "pct1ResTime" : 322.0,
    "pct2ResTime" : 364.0,
    "pct3ResTime" : 443.97000000000025,
    "throughput" : 10.615506960501031,
    "receivedKBytesPerSec" : 2.3117754415934866,
    "sentKBytesPerSec" : 6.976793148844917
  },
  "Delete Certification" : {
    "transaction" : "Delete Certification",
    "sampleCount" : 7497,
    "errorCount" : 7497,
    "errorPct" : 100.0,
    "meanResTime" : 92.72162198212617,