{
  "Description Add" : {
    "transaction" : "Description Add",
    "sampleCount" : 300,
    "errorCount" : 0,
    "errorPct" : 0.0,
    "meanResTime" : 150.70666666666654,
    "medianResTime" : 149.0,
    "minResTime" : 132.0,
    "maxResTime" : 235.0,
    "pct1ResTime" : 164.0,
    "pct2ResTime" : 172.0,
    "pct3ResTime" : 197.95000000000005,
    "throughput" : 1.5135309668435817,
    "receivedKBytesPerSec" : 0.32517266865780076,
    "sentKBytesPerSec" : 0.8883126084697194
  },
  "Share Skill Add" : {
    "transaction" : "Share Skill Add",
    "sampleCount" : 300,
    "errorCount" : 0,
    "errorPct" : 0.0,
    "meanResTime" : 110.95666666666669,
    "medianResTime" : 102.0,
    "minResTime" : 89.0,
    "maxResTime" : 560.0,
    "pct1ResTime" : 113.90000000000003,
    "pct2ResTime" : 132.89999999999998,
    "pct3ResTime" : 447.9100000000001,
    "throughput" : 1.5135615111398126,
    "receivedKBytesPerSec" : 0.331091580561834,
    "sentKBytesPerSec" : 2.5777844486599935
  },
  "SignOut" : {
    "transaction" : "SignOut",
    "sampleCount" : 300,
    "errorCount" : 0,
    "errorPct" : 0.0,
    "meanResTime" : 50.67333333333335,
    "medianResTime" : 49.0,
    "minResTime" : 42.0,
    "maxResTime" : 88.0,
    "pct1ResTime" : 58.0,
    "pct2ResTime" : 66.0,
    "pct3ResTime" : 80.98000000000002,
    "throughput" : 1.515610791148833,
    "receivedKBytesPerSec" : 0.3004579986359503,
    "sentKBytesPerSec" : 0.7977677894816612
  },
  "Add Education" : {
    "transaction" : "Add Education",
    "sampleCount" : 300,
    "errorCount" : 0,
    "errorPct" : 0.0,
    "meanResTime" : 175.11333333333332,
    "medianResTime" : 180.5,
    "minResTime" : 133.0,
    "maxResTime" : 497.0,
    "pct1ResTime" : 203.0,
    "pct2ResTime" : 209.0,
    "pct3ResTime" : 233.8800000000001,
    "throughput" : 1.5144172522413375,
    "receivedKBytesPerSec" : 0.30613708126362976,
    "sentKBytesPerSec" : 1.0140088328386236
  },
  "Delete Education" : {
    "transaction" : "Delete Education",
    "sampleCount" : 300,
    "errorCount" : 0,
    "errorPct" : 0.0,
    "meanResTime" : 51.463333333333345,
    "medianResTime" : 51.0,
    "minResTime" : 43.0,
    "maxResTime" : 93.0,
    "pct1ResTime" : 56.900000000000034,
    "pct2ResTime" : 61.0,
    "pct3ResTime" : 78.93000000000006,
    "throughput" : 1.5155801640868123,
    "receivedKBytesPerSec" : 0.32265280837004406,
    "sentKBytesPerSec" : 0.8821150173786526
  },
  "Manage Listings togglelsActive" : {
    "transaction" : "Manage Listings togglelsActive",
    "sampleCount" : 300,
    "errorCount" : 0,
    "errorPct" : 0.0,
    "meanResTime" : 152.84,
    "medianResTime" : 151.0,
    "minResTime" : 130.0,
    "maxResTime" : 205.0,
    "pct1ResTime" : 167.90000000000003,
    "pct2ResTime" : 178.84999999999997,
    "pct3ResTime" : 200.95000000000005,
    "throughput" : 1.5151897775196344,
    "receivedKBytesPerSec" : 0.2811387282507134,
    "sentKBytesPerSec" : 0.8759690901285386
  },
  "Certification Add" : {
    "transaction" : "Certification Add",
    "sampleCount" : 300,
    "errorCount" : 0,
    "errorPct" : 0.0,
    "meanResTime" : 92.76666666666665,
    "medianResTime" : 92.0,
    "minResTime" : 84.0,
    "maxResTime" : 130.0,
    "pct1ResTime" : 99.0,
    "pct2ResTime" : 104.0,
    "pct3ResTime" : 120.94000000000005,
    "throughput" : 1.5151591674705427,
    "receivedKBytesPerSec" : 0.30628705826797104,
    "sentKBytesPerSec" : 0.9789940542629003
  },
  "Certification Delete" : {
    "transaction" : "Certification Delete",
    "sampleCount" : 300,
    "errorCount" : 0,
    "errorPct" : 0.0,
    "meanResTime" : 51.02333333333333,
    "medianResTime" : 50.0,
    "minResTime" : 43.0,
    "maxResTime" : 93.0,
    "pct1ResTime" : 58.0,
    "pct2ResTime" : 65.89999999999998,
    "pct3ResTime" : 74.98000000000002,
    "throughput" : 1.5151974302251583,
    "receivedKBytesPerSec" : 0.30281753329646355,
    "sentKBytesPerSec" : 0.8878109942725537
  },
  "Search Skill Category" : {
    "transaction" : "Search Skill Category",
    "sampleCount" : 300,
    "errorCount" : 0,
    "errorPct" : 0.0,
    "meanResTime" : 1088.2933333333335,
    "medianResTime" : 1086.0,
    "minResTime" : 1015.0,
    "maxResTime" : 1211.0,
    "pct1ResTime" : 1122.8000000000002,
    "pct2ResTime" : 1135.9,
    "pct3ResTime" : 1189.97,
    "throughput" : 1.5076740609703392,
    "receivedKBytesPerSec" : 9.621728504337076,
    "sentKBytesPerSec" : 1.0939470969735956
  },
  "Update Education" : {
    "transaction" : "Update Education",
    "sampleCount" : 300,
    "errorCount" : 0,
    "errorPct" : 0.0,
    "meanResTime" : 227.13,
    "medianResTime" : 227.5,
    "minResTime" : 178.0,
    "maxResTime" : 351.0,
    "pct1ResTime" : 262.90000000000003,
    "pct2ResTime" : 281.0,
    "pct3ResTime" : 336.95000000000005,
    "throughput" : 1.514004542013626,
    "receivedKBytesPerSec" : 0.3276794726217512,
    "sentKBytesPerSec" : 1.0728732967448902
  },
  "Add Language" : {
    "transaction" : "Add Language",
    "sampleCount" : 300,
    "errorCount" : 0,
    "errorPct" : 0.0,
    "meanResTime" : 57.07333333333335,
    "medianResTime" : 53.0,
    "minResTime" : 46.0,
    "maxResTime" : 419.0,
    "pct1ResTime" : 61.0,
    "pct2ResTime" : 70.84999999999997,
    "pct3ResTime" : 83.98000000000002,
    "throughput" : 1.5107033331151207,
    "receivedKBytesPerSec" : 0.30538631831526364,
    "sentKBytesPerSec" : 0.8898298350060176
  },
  "Manage Listings Delete" : {
    "transaction" : "Manage Listings Delete",
    "sampleCount" : 300,
    "errorCount" : 0,
    "errorPct" : 0.0,
    "meanResTime" : 203.7666666666666,
    "medianResTime" : 203.0,
    "minResTime" : 176.0,
    "maxResTime" : 267.0,
    "pct1ResTime" : 220.90000000000003,
    "pct2ResTime" : 235.0,
    "pct3ResTime" : 261.97,
    "throughput" : 1.5147766461835204,
    "receivedKBytesPerSec" : 0.2825413470908714,
    "sentKBytesPerSec" : 0.8846058929860792
  },
  "Add Skill" : {
    "transaction" : "Add Skill",
    "sampleCount" : 300,
    "errorCount" : 0,
    "errorPct" : 0.0,
    "meanResTime" : 54.62666666666664,
    "medianResTime" : 53.0,
    "minResTime" : 46.0,
    "maxResTime" : 366.0,
    "pct1ResTime" : 60.0,
    "pct2ResTime" : 65.89999999999998,
    "pct3ResTime" : 75.98000000000002,
    "throughput" : 1.5150979510825375,
    "receivedKBytesPerSec" : 0.3062746834707864,
    "sentKBytesPerSec" : 0.9481494814577263
  },
  "Update Certification" : {
    "transaction" : "Update Certification",
    "sampleCount" : 300,
    "errorCount" : 51,
    "errorPct" : 17.0,
    "meanResTime" : 223.00333333333333,
    "medianResTime" : 233.0,
    "minResTime" : 127.0,
    "maxResTime" : 615.0,
    "pct1ResTime" : 252.0,
    "pct2ResTime" : 264.9,
    "pct3ResTime" : 311.8600000000001,
    "throughput" : 1.5139663394817189,
    "receivedKBytesPerSec" : 0.24264858948802706,
    "sentKBytesPerSec" : 1.0373626390956574
  },
  "Delete Language" : {
    "transaction" : "Delete Language",
    "sampleCount" : 300,
    "errorCount" : 0,
    "errorPct" : 0.0,
    "meanResTime" : 51.97333333333335,
    "medianResTime" : 51.0,
    "minResTime" : 42.0,
    "maxResTime" : 87.0,
    "pct1ResTime" : 58.0,
    "pct2ResTime" : 63.94999999999999,
    "pct3ResTime" : 83.0,
    "throughput" : 1.5151285586582022,
    "receivedKBytesPerSec" : 0.29121836222178454,
    "sentKBytesPerSec" : 0.8803725511734671
  },
  "Total" : {
    "transaction" : "Total",
    "sampleCount" : 6000,
    "errorCount" : 51,
    "errorPct" : 0.85,
    "meanResTime" : 176.97833333333327,
    "medianResTime" : 144.0,
    "minResTime" : 42.0,
    "maxResTime" : 1211.0,
    "pct1ResTime" : 236.0,
    "pct2ResTime" : 1030.199999999997,
    "pct3ResTime" : 1106.9899999999998,
    "throughput" : 29.528285636949725,
    "receivedKBytesPerSec" : 15.735976178978321,
    "sentKBytesPerSec" : 20.009921580870593
  },
  "SignIn" : {
    "transaction" : "SignIn",
    "sampleCount" : 300,
    "errorCount" : 0,
    "errorPct" : 0.0,
    "meanResTime" : 194.50333333333333,