{
  "Description Add" : {
    "transaction" : "Description Add",
    "sampleCount" : 500,
    "errorCount" : 0,
    "errorPct" : 0.0,
    "meanResTime" : 152.94399999999993,
    "medianResTime" : 148.5,
    "minResTime" : 132.0,
    "maxResTime" : 1137.0,
    "pct1ResTime" : 161.0,
    "pct2ResTime" : 165.0,
    "pct3ResTime" : 196.92000000000007,
    "throughput" : 1.4474964102089025,
    "receivedKBytesPerSec" : 0.31098555688081897,
    "sentKBytesPerSec" : 0.8495559985698736
  },
  "Share Skill Add" : {
    "transaction" : "Share Skill Add",
    "sampleCount" : 500,
    "errorCount" : 0,
    "errorPct" : 0.0,
    "meanResTime" : 140.2200000000001,
    "medianResTime" : 99.5,
    "minResTime" : 88.0,
    "maxResTime" : 2374.0,
    "pct1ResTime" : 110.0,
    "pct2ResTime" : 123.0,
    "pct3ResTime" : 2150.9900000000016,
    "throughput" : 1.4477898040850838,
    "receivedKBytesPerSec" : 0.31670401964361206,
    "sentKBytesPerSec" : 2.4657670100824083
  },
  "SignOut" : {
    "transaction" : "SignOut",
    "sampleCount" : 500,
    "errorCount" : 0,
    "errorPct" : 0.0,
    "meanResTime" : 51.156,
    "medianResTime" : 49.0,
    "minResTime" : 42.0,
    "maxResTime" : 563.0,
    "pct1ResTime" : 54.900000000000034,
    "pct2ResTime" : 57.0,
    "pct3ResTime" : 70.0,
    "throughput" : 1.4631562621624863,
    "receivedKBytesPerSec" : 0.2900592980654148,
    "sentKBytesPerSec" : 0.7701574465874808
  },
  "Add Education" : {
    "transaction" : "Add Education",
    "sampleCount" : 500,
    "errorCount" : 0,
    "errorPct" : 0.0,
    "meanResTime" : 192.44600000000003,
    "medianResTime" : 176.0,
    "minResTime" : 131.0,
    "maxResTime" : 2053.0,
    "pct1ResTime" : 244.0,
    "pct2ResTime" : 252.0,
    "pct3ResTime" : 379.6400000000003,
    "throughput" : 1.4462487200698826,
    "receivedKBytesPerSec" : 0.2923569189985017,
    "sentKBytesPerSec" : 0.9683652074499165
  },
  "Delete Education" : {
    "transaction" : "Delete Education",
    "sampleCount" : 500,
    "errorCount" : 0,
    "errorPct" : 0.0,
    "meanResTime" : 52.918,
    "medianResTime" : 50.0,
    "minResTime" : 43.0,
    "maxResTime" : 672.0,
    "pct1ResTime" : 56.0,
    "pct2ResTime" : 59.94999999999999,
    "pct3ResTime" : 77.87000000000012,
    "throughput" : 1.4472240794931244,
    "receivedKBytesPerSec" : 0.3081004387983409,
    "sentKBytesPerSec" : 0.8423296400174826
  },
  "Manage Listings togglelsActive" : {
    "transaction" : "Manage Listings togglelsActive",
    "sampleCount" : 500,
    "errorCount" : 0,
    "errorPct" : 0.0,
    "meanResTime" : 151.502,
    "medianResTime" : 144.0,
    "minResTime" : 128.0,
    "maxResTime" : 1477.0,
    "pct1ResTime" : 156.0,
    "pct2ResTime" : 165.0,
    "pct3ResTime" : 320.0,
    "throughput" : 1.4578152015137953,
    "receivedKBytesPerSec" : 0.27049305496838,
    "sentKBytesPerSec" : 0.842799413375163
  },
  "Certification Add" : {
    "transaction" : "Certification Add",
    "sampleCount" : 500,
    "errorCount" : 0,
    "errorPct" : 0.0,
    "meanResTime" : 94.78200000000004,
    "medianResTime" : 91.0,
    "minResTime" : 83.0,
    "maxResTime" : 689.0,
    "pct1ResTime" : 97.0,
    "pct2ResTime" : 101.94999999999999,
    "pct3ResTime" : 195.87000000000012,
    "throughput" : 1.4470984229521389,
    "receivedKBytesPerSec" : 0.29252868510848895,
    "sentKBytesPerSec" : 0.9350177739863799
  },
  "Certification Delete" : {
    "transaction" : "Certification Delete",
    "sampleCount" : 500,
    "errorCount" : 0,
    "errorPct" : 0.0,
    "meanResTime" : 51.509999999999984,
    "medianResTime" : 50.0,
    "minResTime" : 43.0,
    "maxResTime" : 389.0,
    "pct1ResTime" : 56.0,
    "pct2ResTime" : 59.0,
    "pct3ResTime" : 66.97000000000003,
    "throughput" : 1.4478946164382371,
    "receivedKBytesPerSec" : 0.2893753131072108,
    "sentKBytesPerSec" : 0.8483757518192796
  },
  "Search Skill Category" : {
    "transaction" : "Search Skill Category",
    "sampleCount" : 500,
    "errorCount" : 0,
    "errorPct" : 0.0,
    "meanResTime" : 1114.4579999999983,
    "medianResTime" : 1080.5,
    "minResTime" : 1028.0,
    "maxResTime" : 3293.0,
    "pct1ResTime" : 1118.9,
    "pct2ResTime" : 1162.5,
    "pct3ResTime" : 2300.98,
    "throughput" : 1.4547147304413603,
    "receivedKBytesPerSec" : 9.2837507455413,
    "sentKBytesPerSec" : 1.0555205514823545
  },
  "Update Education" : {
    "transaction" : "Update Education",
    "sampleCount" : 500,
    "errorCount" : 0,
    "errorPct" : 0.0,
    "meanResTime" : 234.30199999999994,
    "medianResTime" : 225.5,
    "minResTime" : 177.0,
    "maxResTime" : 986.0,
    "pct1ResTime" : 292.0,
    "pct2ResTime" : 301.0,
    "pct3ResTime" : 344.98,
    "throughput" : 1.4464286230867365,
    "receivedKBytesPerSec" : 0.31365748190517795,
    "sentKBytesPerSec" : 1.0249867832584567
  },
  "Add Language" : {
    "transaction" : "Add Language",
    "sampleCount" : 500,
    "errorCount" : 0,
    "errorPct" : 0.0,
    "meanResTime" : 72.09800000000004,
    "medianResTime" : 54.0,
    "minResTime" : 47.0,
    "maxResTime" : 1554.0,
    "pct1ResTime" : 60.0,
    "pct2ResTime" : 66.0,
    "pct3ResTime" : 878.4900000000005,
    "throughput" : 1.4395034288971675,
    "receivedKBytesPerSec" : 0.2909933689274548,
    "sentKBytesPerSec" : 0.847898446451912
  },
  "Manage Listings Delete" : {
    "transaction" : "Manage Listings Delete",
    "sampleCount" : 500,
    "errorCount" : 0,
    "errorPct" : 0.0,
    "meanResTime" : 196.26000000000013,
    "medianResTime" : 194.0,
    "minResTime" : 174.0,
    "maxResTime" : 267.0,
    "pct1ResTime" : 210.0,
    "pct2ResTime" : 219.84999999999997,
    "pct3ResTime" : 258.0,
    "throughput" : 1.4582616354695894,
    "receivedKBytesPerSec" : 0.2719999730221597,
    "sentKBytesPerSec" : 0.8516020097761859
  },
  "Add Skill" : {
    "transaction" : "Add Skill",
    "sampleCount" : 500,
    "errorCount" : 0,
    "errorPct" : 0.0,
    "meanResTime" : 56.79799999999998,
    "medianResTime" : 53.0,
    "minResTime" : 45.0,
    "maxResTime" : 637.0,
    "pct1ResTime" : 59.0,
    "pct2ResTime" : 62.0,
    "pct3ResTime" : 98.80000000000018,
    "throughput" : 1.446566718550193,
    "receivedKBytesPerSec" : 0.2924212018944238,
    "sentKBytesPerSec" : 0.9052625825989596
  },
  "Update Certification" : {
    "transaction" : "Update Certification",
    "sampleCount" : 500,
    "errorCount" : 82,
    "errorPct" : 16.4,
    "meanResTime" : 223.31600000000003,
    "medianResTime" : 234.0,
    "minResTime" : 128.0,
    "maxResTime" : 1310.0,
    "pct1ResTime" : 247.0,
    "pct2ResTime" : 252.0,
    "pct3ResTime" : 304.8900000000001,
    "throughput" : 1.4470356028639728,
    "receivedKBytesPerSec" : 0.23246400860696778,
    "sentKBytesPerSec" : 0.9915020121030058
  },
  "Delete Language" : {
    "transaction" : "Delete Language",
    "sampleCount" : 500,
    "errorCount" : 0,
    "errorPct" : 0.0,
    "meanResTime" : 52.31400000000001,
    "medianResTime" : 50.5,
    "minResTime" : 43.0,
    "maxResTime" : 432.0,
    "pct1ResTime" : 57.0,
    "pct2ResTime" : 60.94999999999999,
    "pct3ResTime" : 91.0,
    "throughput" : 1.4463658611373065,
    "receivedKBytesPerSec" : 0.2780016882705514,
    "sentKBytesPerSec" : 0.840417663453806
  },
  "Total" : {
    "transaction" : "Total",
    "sampleCount" : 10000,
    "errorCount" : 82,
    "errorPct" : 0.82,
    "meanResTime" : 182.32769999999977,
    "medianResTime" : 143.0,
    "minResTime" : 42.0,
    "maxResTime" : 3293.0,
    "pct1ResTime" : 240.0,
    "pct2ResTime" : 1049.0,
    "pct3ResTime" : 1108.0,
    "throughput" : 28.354717516126748,
    "receivedKBytesPerSec" : 15.111699311512014,
    "sentKBytesPerSec" : 19.214662933295525
  },
  "SignIn" : {
    "transaction" : "SignIn",
    "sampleCount" : 500,
    "errorCount" : 0,
    "errorPct" : 0.0,
    "meanResTime" : 196.2419999999999,
    "medianResTime" : 173.0,
    "minResTime" : 161.0,
    "maxResTime" : 2098.0,
    "pct1ResTime" : 186.0,
    "pct2ResTime" : 195.0,