{
  "Add Education" : {
    "transaction" : "Add Education",
    "sampleCount" : 500,
    "errorCount" : 0,
    "errorPct" : 0.0,
    "meanResTime" : 396.6559999999996,
    "medianResTime" : 333.0,
    "minResTime" : 126.0,
    "maxResTime" : 1382.0,
    "pct1ResTime" : 615.0,
    "pct2ResTime" : 628.95,
    "pct3ResTime" : 1009.7500000000002,
    "throughput" : 1.668357268698948,
    "receivedKBytesPerSec" : 0.33725581505926,
    "sentKBytesPerSec" : 1.1247106703542922
  },
  "Add Certification" : {
    "transaction" : "Add Certification",
    "sampleCount" : 500,
    "errorCount" : 0,
    "errorPct" : 0.0,
    "meanResTime" : 108.45600000000005,
    "medianResTime" : 106.0,
    "minResTime" : 102.0,
    "maxResTime" : 595.0,
    "pct1ResTime" : 109.0,
    "pct2ResTime" : 110.0,
    "pct3ResTime" : 118.0,
    "throughput" : 1.669460230118398,
    "receivedKBytesPerSec" : 0.33747877698682466,
    "sentKBytesPerSec" : 1.0939529437592237
  },
  "Delete Education" : {
    "transaction" : "Delete Education",
    "sampleCount" : 500,
    "errorCount" : 0,
    "errorPct" : 0.0,
    "meanResTime" : 105.33199999999992,
    "medianResTime" : 104.0,
    "minResTime" : 100.0,
    "maxResTime" : 422.0,
    "pct1ResTime" : 107.0,
    "pct2ResTime" : 108.0,
    "pct3ResTime" : 112.0,
    "throughput" : 1.666738892018654,
    "receivedKBytesPerSec" : 0.35483308443365874,
    "sentKBytesPerSec" : 0.978232494241417
  },
  "Active status Skill" : {
    "transaction" : "Active status Skill",
    "sampleCount" : 1000,
    "errorCount" : 0,
    "errorPct" : 0.0,
    "meanResTime" : 317.81600000000026,
    "medianResTime" : 311.0,
    "minResTime" : 302.0,
    "maxResTime" : 653.0,
    "pct1ResTime" : 316.0,
    "pct2ResTime" : 318.94999999999993,
    "pct3ResTime" : 638.98,
    "throughput" : 3.323937669520821,
    "receivedKBytesPerSec" : 0.6167462472743711,
    "sentKBytesPerSec" : 1.9313895638328988
  },
  "Update Education" : {
    "transaction" : "Update Education",
    "sampleCount" : 500,
    "errorCount" : 0,
    "errorPct" : 0.0,
    "meanResTime" : 658.448,
    "medianResTime" : 632.0,
    "minResTime" : 225.0,
    "maxResTime" : 1554.0,
    "pct1ResTime" : 848.9000000000001,
    "pct2ResTime" : 937.0,
    "pct3ResTime" : 1251.2300000000007,
    "throughput" : 1.6660779857783583,
    "receivedKBytesPerSec" : 0.35617623439717966,
    "sentKBytesPerSec" : 1.1861043472972883
  },
  "delete Skill" : {
    "transaction" : "delete Skill",
    "sampleCount" : 500,
    "errorCount" : 0,
    "errorPct" : 0.0,
    "meanResTime" : 420.606,
    "medianResTime" : 415.0,
    "minResTime" : 406.0,
    "maxResTime" : 757.0,
    "pct1ResTime" : 421.0,
    "pct2ResTime" : 425.0,
    "pct3ResTime" : 732.94,
    "throughput" : 1.6648076314781826,
    "receivedKBytesPerSec" : 0.3121514309021593,
    "sentKBytesPerSec" : 0.9770990102718632
  },
  "Add Language" : {
    "transaction" : "Add Language",
    "sampleCount" : 500,
    "errorCount" : 0,
    "errorPct" : 0.0,
    "meanResTime" : 108.72599999999998,
    "medianResTime" : 108.0,
    "minResTime" : 102.0,
    "maxResTime" : 122.0,
    "pct1ResTime" : 111.0,
    "pct2ResTime" : 112.0,
    "pct3ResTime" : 114.99000000000001,
    "throughput" : 1.6693821950372607,
    "receivedKBytesPerSec" : 0.33746300231710247,
    "sentKBytesPerSec" : 0.9895621617414327
  },
  "Add Description info" : {
    "transaction" : "Add Description info",
    "sampleCount" : 500,
    "errorCount" : 0,
    "errorPct" : 0.0,
    "meanResTime" : 314.768,
    "medianResTime" : 311.0,
    "minResTime" : 303.0,
    "maxResTime" : 658.0,
    "pct1ResTime" : 317.0,
    "pct2ResTime" : 319.0,
    "pct3ResTime" : 625.1300000000026,
    "throughput" : 1.6655729404357806,
    "receivedKBytesPerSec" : 0.3578379364217497,
    "sentKBytesPerSec" : 1.0539953763695173
  },
  "Add Skill" : {
    "transaction" : "Add Skill",
    "sampleCount" : 500,
    "errorCount" : 0,
    "errorPct" : 0.0,
    "meanResTime" : 106.83000000000003,
    "medianResTime" : 107.0,
    "minResTime" : 102.0,
    "maxResTime" : 120.0,
    "pct1ResTime" : 109.0,
    "pct2ResTime" : 110.0,
    "pct3ResTime" : 115.0,
    "throughput" : 1.66942678561889,
    "receivedKBytesPerSec" : 0.33747201623350603,
    "sentKBytesPerSec" : 1.0319796438444895
  },
  "Add Share Skill" : {
    "transaction" : "Add Share Skill",
    "sampleCount" : 1000,
    "errorCount" : 0,
    "errorPct" : 0.0,
    "meanResTime" : 314.44899999999967,
    "medianResTime" : 312.0,
    "minResTime" : 303.0,
    "maxResTime" : 650.0,
    "pct1ResTime" : 319.0,
    "pct2ResTime" : 321.0,
    "pct3ResTime" : 331.97,
    "throughput" : 3.323981864354948,
    "receivedKBytesPerSec" : 0.727121032827645,
    "sentKBytesPerSec" : 6.14806801864089
  },
  "Update Certification" : {
    "transaction" : "Update Certification",
    "sampleCount" : 500,
    "errorCount" : 9,
    "errorPct" : 1.8,
    "meanResTime" : 415.24399999999997,
    "medianResTime" : 412.0,
    "minResTime" : 205.0,
    "maxResTime" : 755.0,
    "pct1ResTime" : 418.0,
    "pct2ResTime" : 421.0,
    "pct3ResTime" : 738.9300000000001,
    "throughput" : 1.6677673931461432,
    "receivedKBytesPerSec" : 0.28345530967104954,
    "sentKBytesPerSec" : 1.1579908364520584
  },
  "View Share Skill" : {
    "transaction" : "View Share Skill",
    "sampleCount" : 500,
    "errorCount" : 0,
    "errorPct" : 0.0,
    "meanResTime" : 108.53600000000006,
    "medianResTime" : 106.0,
    "minResTime" : 102.0,
    "maxResTime" : 756.0,
    "pct1ResTime" : 109.0,
    "pct2ResTime" : 110.94999999999999,
    "pct3ResTime" : 118.97000000000003,
    "throughput" : 1.6677228911644042,
    "receivedKBytesPerSec" : 0.8719194031219772,
    "sentKBytesPerSec" : 0.8664341583002568
  },
  "Delete Language" : {
    "transaction" : "Delete Language",
    "sampleCount" : 500,
    "errorCount" : 0,
    "errorPct" : 0.0,
    "meanResTime" : 106.156,
    "medianResTime" : 105.0,
    "minResTime" : 100.0,
    "maxResTime" : 450.0,
    "pct1ResTime" : 107.0,
    "pct2ResTime" : 108.0,
    "pct3ResTime" : 114.98000000000002,
    "throughput" : 1.6694212116659155,
    "receivedKBytesPerSec" : 0.31464677133937663,
    "sentKBytesPerSec" : 1.046648845595232
  },
  "Total" : {
    "transaction" : "Total",
    "sampleCount" : 10500,
    "errorCount" : 9,
    "errorPct" : 0.08571429,
    "meanResTime" : 268.19295238095276,
    "medianResTime" : 309.0,
    "minResTime" : 99.0,
    "maxResTime" : 1554.0,
    "pct1ResTime" : 419.0,
    "pct2ResTime" : 531.0,
    "pct3ResTime" : 826.9799999999996,
    "throughput" : 34.43808524246052,
    "receivedKBytesPerSec" : 7.892259784106004,
    "sentKBytesPerSec" : 25.500428426179507
  },
  "SignIn" : {
    "transaction" : "SignIn",
    "sampleCount" : 500,
    "errorCount" : 0,
    "errorPct" : 0.0,
    "meanResTime" : 360.06600000000026,
    "medianResTime" : 351.0,
    "minResTime" : 339.0,
    "maxResTime" : 715.0,
    "pct1ResTime" : 359.0,
    "pct2ResTime" : 361.0,
    "pct3ResTime" : 706.0,
    "throughput" : 1.6677173285836744,
    "receivedKBytesPerSec" : 0.8012860602179374,
    "sentKBytesPerSec" : 1.0664009992962233
  },
  "Update Language" : {
    "transaction" : "Update Language",
    "sampleCount" : 500,
    "errorCount" : 0,
    "errorPct" : 0.0,
    "meanResTime" : 419.2459999999999,
    "medianResTime" : 414.0,
    "minResTime" : 404.0,
    "maxResTime" : 755.0,
    "pct1ResTime" : 421.0,
    "pct2ResTime" : 422.0,
    "pct3ResTime" : 740.96,
    "throughput" : 1.6677006410641266,
    "receivedKBytesPerSec" : 0.35015199006717496,
    "sentKBytesPerSec" : 1.0325412172213437
  },
  "Delete Certification" : {
    "transaction" : "Delete Certification",
    "sampleCount" : 500,
    "errorCount" : 0,
    "errorPct" : 0.0,
    "meanResTime" : 105.9600000000001,
    "medianResTime" : 105.0,
    "minResTime" : 100.0,
    "maxResTime" : 416.0,
    "pct1ResTime" : 108.0,
    "pct2ResTime" : 109.0,
    "pct3ResTime" : 116.94000000000005,