{
  "Add new skill" : {
    "transaction" : "Add new skill",
    "sampleCount" : 4737,
    "errorCount" : 0,
    "errorPct" : 0.0,
    "meanResTime" : 5122.082330588986,
    "medianResTime" : 342.0,
    "minResTime" : 147.0,
    "maxResTime" : 140865.0,
    "pct1ResTime" : 1828.9999999999973,
    "pct2ResTime" : 11475.199999996747,
    "pct3ResTime" : 138357.96,
    "throughput" : 5.152502993933817,
    "receivedKBytesPerSec" : 1.1271100299230223,
    "sentKBytesPerSec" : 11.059767168619658
  },
  "Update Skills" : {
    "transaction" : "Update Skills",
    "sampleCount" : 4737,
    "errorCount" : 1838,
    "errorPct" : 38.80093,
    "meanResTime" : 1086.8026176905219,
    "medianResTime" : 524.0,
    "minResTime" : 38.0,
    "maxResTime" : 190865.0,
    "pct1ResTime" : 1214.1999999999998,
    "pct2ResTime" : 1656.0999999999995,
    "pct3ResTime" : 18479.26,
    "throughput" : 5.151757709691874,
    "receivedKBytesPerSec" : 1.1564055631397554,
    "sentKBytesPerSec" : 3.3932236410838814
  },
  "Add Languages" : {
    "transaction" : "Add Languages",
    "sampleCount" : 4737,
    "errorCount" : 177,
    "errorPct" : 3.7365422,
    "meanResTime" : 794.5824361410168,
    "medianResTime" : 313.0,
    "minResTime" : 40.0,
    "maxResTime" : 160034.0,
    "pct1ResTime" : 624.0,
    "pct2ResTime" : 954.0,
    "pct3ResTime" : 17602.459999999995,
    "throughput" : 5.1496742996790825,
    "receivedKBytesPerSec" : 1.0475754602038996,
    "sentKBytesPerSec" : 3.0727060518592966
  },
  "Add Education" : {
    "transaction" : "Add Education",
    "sampleCount" : 4737,
    "errorCount" : 1054,
    "errorPct" : 22.25037,
    "meanResTime" : 642.6119907114215,
    "medianResTime" : 377.0,
    "minResTime" : 45.0,
    "maxResTime" : 161914.0,
    "pct1ResTime" : 670.1999999999998,
    "pct2ResTime" : 799.0999999999995,
    "pct3ResTime" : 7843.319999999996,
    "throughput" : 5.152430137093582,
    "receivedKBytesPerSec" : 1.0594687443575614,
    "sentKBytesPerSec" : 3.441662318136728
  },
  "Disable existing listing" : {
    "transaction" : "Disable existing listing",
    "sampleCount" : 9474,
    "errorCount" : 0,
    "errorPct" : 0.0,
    "meanResTime" : 1967.1876715220615,
    "medianResTime" : 334.0,
    "minResTime" : 145.0,
    "maxResTime" : 139829.0,
    "pct1ResTime" : 1122.5,
    "pct2ResTime" : 1605.0,
    "pct3ResTime" : 67690.75,
    "throughput" : 10.307180974036218,
    "receivedKBytesPerSec" : 1.9074324165818979,
    "sentKBytesPerSec" : 5.8481173299951585
  },
  "Delete Education" : {
    "transaction" : "Delete Education",
    "sampleCount" : 4737,
    "errorCount" : 1060,
    "errorPct" : 22.377031,
    "meanResTime" : 523.8503272113176,
    "medianResTime" : 272.0,
    "minResTime" : 2.0,
    "maxResTime" : 190530.0,
    "pct1ResTime" : 574.0,
    "pct2ResTime" : 681.1999999999989,
    "pct3ResTime" : 6844.959999999999,
    "throughput" : 5.152502993933817,
    "receivedKBytesPerSec" : 1.099133251401248,
    "sentKBytesPerSec" : 2.97988488106931
  },
  "Delete Skills" : {
    "transaction" : "Delete Skills",
    "sampleCount" : 4737,
    "errorCount" : 1838,
    "errorPct" : 38.80093,
    "meanResTime" : 480.0920413763988,
    "medianResTime" : 245.0,
    "minResTime" : 1.0,
    "maxResTime" : 159921.0,
    "pct1ResTime" : 567.1999999999998,
    "pct2ResTime" : 701.2999999999984,
    "pct3ResTime" : 6892.339999999999,
    "throughput" : 5.152486180633962,
    "receivedKBytesPerSec" : 1.0977243508949686,
    "sentKBytesPerSec" : 3.2757325018599857
  },
  "Update Languages" : {
    "transaction" : "Update Languages",
    "sampleCount" : 4737,
    "errorCount" : 259,
    "errorPct" : 5.4675956,
    "meanResTime" : 1726.2123706987545,
    "medianResTime" : 732.0,
    "minResTime" : 44.0,
    "maxResTime" : 191203.0,
    "pct1ResTime" : 1314.0,
    "pct2ResTime" : 2029.3999999999978,
    "pct3ResTime" : 31490.139999999996,
    "throughput" : 5.150721394576574,
    "receivedKBytesPerSec" : 1.0846008129756426,
    "sentKBytesPerSec" : 3.221035754944399
  },
  "Delete Languages" : {
    "transaction" : "Delete Languages",
    "sampleCount" : 4737,
    "errorCount" : 178,
    "errorPct" : 3.7576525,
    "meanResTime" : 794.6419674899728,
    "medianResTime" : 284.0,
    "minResTime" : 4.0,
    "maxResTime" : 190956.0,
    "pct1ResTime" : 593.0,
    "pct2ResTime" : 763.0999999999995,
    "pct3ResTime" : 15774.879999999997,
    "throughput" : 5.1523180536702515,
    "receivedKBytesPerSec" : 0.97962795997246,
    "sentKBytesPerSec" : 2.9905824481015713
  },
  "Update Education" : {
    "transaction" : "Update Education",
    "sampleCount" : 4737,
    "errorCount" : 4737,
    "errorPct" : 100.0,
    "meanResTime" : 671.4036309900778,
    "medianResTime" : 430.0,
    "minResTime" : 3.0,
    "maxResTime" : 149161.0,
    "pct1ResTime" : 758.0,
    "pct2ResTime" : 914.0,
    "pct3ResTime" : 7389.059999999939,
    "throughput" : 5.152200371323877,
    "receivedKBytesPerSec" : 0.994689300061561,
    "sentKBytesPerSec" : 3.6337978008794742
  },
  "Delete existing listing" : {
    "transaction" : "Delete existing listing",
    "sampleCount" : 4737,
    "errorCount" : 0,
    "errorPct" : 0.0,
    "meanResTime" : 2470.4314967278815,
    "medianResTime" : 402.0,
    "minResTime" : 192.0,
    "maxResTime" : 139952.0,
    "pct1ResTime" : 1330.3999999999996,
    "pct2ResTime" : 2416.7999999999956,
    "pct3ResTime" : 73491.7199999998,
    "throughput" : 5.155037452103422,
    "receivedKBytesPerSec" : 0.9565010897457522,
    "sentKBytesPerSec" : 2.9550849456881925
  },
  "Search Skill by all category" : {
    "transaction" : "Search Skill by all category",
    "sampleCount" : 4737,
    "errorCount" : 0,
    "errorPct" : 0.0,
    "meanResTime" : 4201.750052776018,
    "medianResTime" : 1291.0,
    "minResTime" : 662.0,
    "maxResTime" : 143342.0,
    "pct1ResTime" : 7106.799999999998,
    "pct2ResTime" : 10670.0,
    "pct3ResTime" : 100587.55999999997,
    "throughput" : 5.1525366208627155,
    "receivedKBytesPerSec" : 32.18322678421673,
    "sentKBytesPerSec" : 3.8543389175594145
  },
  "Add Skills" : {
    "transaction" : "Add Skills",
    "sampleCount" : 4737,
    "errorCount" : 1822,
    "errorPct" : 38.46316,
    "meanResTime" : 628.880937302091,
    "medianResTime" : 298.0,
    "minResTime" : 38.0,
    "maxResTime" : 125238.0,
    "pct1ResTime" : 606.0,
    "pct2ResTime" : 789.3999999999978,
    "pct3ResTime" : 13875.079999999985,
    "throughput" : 5.152301241577341,
    "receivedKBytesPerSec" : 1.0976530847051593,
    "sentKBytesPerSec" : 3.2151567318046106
  },
  "Total" : {
    "transaction" : "Total",
    "sampleCount" : 80866,
    "errorCount" : 17752,
    "errorPct" : 21.952366,
    "meanResTime" : 2351.2113743724226,
    "medianResTime" : 402.0,
    "minResTime" : 1.0,
    "maxResTime" : 271780.0,
    "pct1ResTime" : 9847.500000000007,
    "pct2ResTime" : 32769.350000000035,
    "pct3ResTime" : 160032.87000000017,
    "throughput" : 79.48869930710578,
    "receivedKBytesPerSec" : 45.34774785418061,
    "sentKBytesPerSec" : 55.23174563709604
  },
  "SignIn" : {
    "transaction" : "SignIn",
    "sampleCount" : 5074,
    "errorCount" : 52,
    "errorPct" : 1.0248325,
    "meanResTime" : 15196.343318880572,
    "medianResTime" : 433.0,
    "minResTime" : 150.0,
    "maxResTime" : 271780.0,
    "pct1ResTime" : 7361.5,
    "pct2ResTime" : 133149.75,
    "pct3ResTime" : 252597.25,
    "throughput" : 4.9875801979108,
    "receivedKBytesPerSec" : 2.4473275769492013,
    "sentKBytesPerSec" : 1.6766018632652038
  },
  "Add Cretifications" : {
    "transaction" : "Add Cretifications",
    "sampleCount" : 4737,
    "errorCount" : 0,
    "errorPct" : 0.0,
    "meanResTime" : 480.2499472239796,
    "medianResTime" : 294.0,
    "minResTime" : 38.0,
    "maxResTime" : 190654.0,
    "pct1ResTime" : 591.1999999999998,
    "pct2ResTime" : 705.0999999999995,
    "pct3ResTime" : 4646.819999999944,
    "throughput" : 5.152710366987845,