{
  "Add Education" : {
    "transaction" : "Add Education",
    "sampleCount" : 100,
    "errorCount" : 0,
    "errorPct" : 0.0,
    "meanResTime" : 345.93,
    "medianResTime" : 335.0,
    "minResTime" : 129.0,
    "maxResTime" : 735.0,
    "pct1ResTime" : 518.3000000000004,
    "pct2ResTime" : 569.5499999999997,
    "pct3ResTime" : 734.0099999999995,
    "throughput" : 0.34004352557127315,
    "receivedKBytesPerSec" : 0.06873926737622416,
    "sentKBytesPerSec" : 0.22923051338071274
  },
  "Add Certification" : {
    "transaction" : "Add Certification",
    "sampleCount" : 100,
    "errorCount" : 0,
    "errorPct" : 0.0,
    "meanResTime" : 109.36999999999999,
    "medianResTime" : 109.0,
    "minResTime" : 103.0,
    "maxResTime" : 116.0,
    "pct1ResTime" : 112.0,
    "pct2ResTime" : 112.94999999999999,
    "pct3ResTime" : 115.96999999999998,
    "throughput" : 0.3403085237075933,
    "receivedKBytesPerSec" : 0.0687928363354217,
    "sentKBytesPerSec" : 0.2229951361404249
  },
  "Delete Education" : {
    "transaction" : "Delete Education",
    "sampleCount" : 100,
    "errorCount" : 0,
    "errorPct" : 0.0,
    "meanResTime" : 108.30999999999997,
    "medianResTime" : 108.0,
    "minResTime" : 104.0,
    "maxResTime" : 132.0,
    "pct1ResTime" : 110.0,
    "pct2ResTime" : 112.0,
    "pct3ResTime" : 131.96999999999997,
    "throughput" : 0.33947673056750327,
    "receivedKBytesPerSec" : 0.07227141334347237,
    "sentKBytesPerSec" : 0.19924366706159125
  },
  "Active status Skill" : {
    "transaction" : "Active status Skill",
    "sampleCount" : 200,
    "errorCount" : 0,
    "errorPct" : 0.0,
    "meanResTime" : 317.44000000000017,
    "medianResTime" : 318.0,
    "minResTime" : 304.0,
    "maxResTime" : 330.0,
    "pct1ResTime" : 322.0,
    "pct2ResTime" : 323.95,
    "pct3ResTime" : 330.0,
    "throughput" : 0.6787552985335492,
    "receivedKBytesPerSec" : 0.12594092453259215,
    "sentKBytesPerSec" : 0.39439394787838067
  },
  "Update Education" : {
    "transaction" : "Update Education",
    "sampleCount" : 100,
    "errorCount" : 0,
    "errorPct" : 0.0,
    "meanResTime" : 598.1499999999997,
    "medianResTime" : 643.0,
    "minResTime" : 235.0,
    "maxResTime" : 944.0,
    "pct1ResTime" : 746.8,
    "pct2ResTime" : 844.95,
    "pct3ResTime" : 943.4299999999997,
    "throughput" : 0.339330433189231,
    "receivedKBytesPerSec" : 0.07278041312631915,
    "sentKBytesPerSec" : 0.2415741072216303
  },
  "delete Skill" : {
    "transaction" : "delete Skill",
    "sampleCount" : 100,
    "errorCount" : 0,
    "errorPct" : 0.0,
    "meanResTime" : 425.67,
    "medianResTime" : 426.0,
    "minResTime" : 409.0,
    "maxResTime" : 444.0,
    "pct1ResTime" : 429.9,
    "pct2ResTime" : 433.95,
    "pct3ResTime" : 443.92999999999995,
    "throughput" : 0.3399776294719808,
    "receivedKBytesPerSec" : 0.06374580552599639,
    "sentKBytesPerSec" : 0.19953765167251994
  },
  "Add Language" : {
    "transaction" : "Add Language",
    "sampleCount" : 100,
    "errorCount" : 0,
    "errorPct" : 0.0,
    "meanResTime" : 119.36,
    "medianResTime" : 112.0,
    "minResTime" : 108.0,
    "maxResTime" : 845.0,
    "pct1ResTime" : 114.0,
    "pct2ResTime" : 115.94999999999999,
    "pct3ResTime" : 837.7499999999962,
    "throughput" : 0.3377591034522358,
    "receivedKBytesPerSec" : 0.06827747501427033,
    "sentKBytesPerSec" : 0.20021462480029992
  },
  "Add Description info" : {
    "transaction" : "Add Description info",
    "sampleCount" : 100,
    "errorCount" : 0,
    "errorPct" : 0.0,
    "meanResTime" : 318.11000000000007,
    "medianResTime" : 318.0,
    "minResTime" : 308.0,
    "maxResTime" : 334.0,
    "pct1ResTime" : 323.0,
    "pct2ResTime" : 324.0,
    "pct3ResTime" : 333.99,
    "throughput" : 0.3392371912517513,
    "receivedKBytesPerSec" : 0.07288299030799344,
    "sentKBytesPerSec" : 0.2146735350889989
  },
  "Add Skill" : {
    "transaction" : "Add Skill",
    "sampleCount" : 100,
    "errorCount" : 0,
    "errorPct" : 0.0,
    "meanResTime" : 117.46999999999998,
    "medianResTime" : 110.0,
    "minResTime" : 105.0,
    "maxResTime" : 841.0,
    "pct1ResTime" : 113.0,
    "pct2ResTime" : 114.0,
    "pct3ResTime" : 833.7999999999963,
    "throughput" : 0.33944907415265024,
    "receivedKBytesPerSec" : 0.06861909995077987,
    "sentKBytesPerSec" : 0.209835218690066
  },
  "Add Share Skill" : {
    "transaction" : "Add Share Skill",
    "sampleCount" : 200,
    "errorCount" : 0,
    "errorPct" : 0.0,
    "meanResTime" : 328.42499999999995,
    "medianResTime" : 321.0,
    "minResTime" : 308.0,
    "maxResTime" : 1078.0,
    "pct1ResTime" : 326.0,
    "pct2ResTime" : 327.0,
    "pct3ResTime" : 1044.9900000000064,
    "throughput" : 0.6770136926019329,
    "receivedKBytesPerSec" : 0.1480967452566728,
    "sentKBytesPerSec" : 1.252210872839903
  },
  "Update Certification" : {
    "transaction" : "Update Certification",
    "sampleCount" : 100,
    "errorCount" : 1,
    "errorPct" : 1.0,
    "meanResTime" : 424.02000000000004,
    "medianResTime" : 422.0,
    "minResTime" : 223.0,
    "maxResTime" : 724.0,
    "pct1ResTime" : 428.0,
    "pct2ResTime" : 429.0,
    "pct3ResTime" : 722.3599999999992,
    "throughput" : 0.3399487357306518,
    "receivedKBytesPerSec" : 0.057884239806637164,
    "sentKBytesPerSec" : 0.2360386241254819
  },
  "View Share Skill" : {
    "transaction" : "View Share Skill",
    "sampleCount" : 100,
    "errorCount" : 0,
    "errorPct" : 0.0,
    "meanResTime" : 110.47000000000001,
    "medianResTime" : 111.0,
    "minResTime" : 105.0,
    "maxResTime" : 115.0,
    "pct1ResTime" : 113.0,
    "pct2ResTime" : 113.0,
    "pct3ResTime" : 115.0,
    "throughput" : 0.34034442856170444,
    "receivedKBytesPerSec" : 0.2455864240861752,
    "sentKBytesPerSec" : 0.176819566401198
  },
  "Delete Language" : {
    "transaction" : "Delete Language",
    "sampleCount" : 100,
    "errorCount" : 0,
    "errorPct" : 0.0,
    "meanResTime" : 108.59000000000002,
    "medianResTime" : 109.0,
    "minResTime" : 104.0,
    "maxResTime" : 117.0,
    "pct1ResTime" : 110.0,
    "pct2ResTime" : 111.94999999999999,
    "pct3ResTime" : 116.95999999999998,
    "throughput" : 0.33944907415265024,
    "receivedKBytesPerSec" : 0.06397819464009911,
    "sentKBytesPerSec" : 0.2128186578183608
  },
  "Total" : {
    "transaction" : "Total",
    "sampleCount" : 2100,
    "errorCount" : 1,
    "errorPct" : 0.04761905,
    "meanResTime" : 268.3347619047614,
    "medianResTime" : 316.0,
    "minResTime" : 102.0,
    "maxResTime" : 1164.0,
    "pct1ResTime" : 426.0,
    "pct2ResTime" : 441.9499999999998,
    "pct3ResTime" : 742.9899999999998,
    "throughput" : 6.943204586482572,
    "receivedKBytesPerSec" : 1.6569151837965441,
    "sentKBytesPerSec" : 5.14096125981141
  },
  "SignIn" : {
    "transaction" : "SignIn",
    "sampleCount" : 100,
    "errorCount" : 0,
    "errorPct" : 0.0,
    "meanResTime" : 370.68999999999994,
    "medianResTime" : 360.0,
    "minResTime" : 344.0,
    "maxResTime" : 1149.0,
    "pct1ResTime" : 365.9,
    "pct2ResTime" : 368.0,
    "pct3ResTime" : 1144.5199999999977,
    "throughput" : 0.3365745462133681,
    "receivedKBytesPerSec" : 0.1617135515009542,
    "sentKBytesPerSec" : 0.21493440162094302
  },
  "Update Language" : {
    "transaction" : "Update Language",
    "sampleCount" : 100,
    "errorCount" : 0,
    "errorPct" : 0.0,
    "meanResTime" : 436.77000000000004,
    "medianResTime" : 422.5,
    "minResTime" : 411.0,
    "maxResTime" : 1164.0,
    "pct1ResTime" : 427.0,
    "pct2ResTime" : 429.95,
    "pct3ResTime" : 1163.8899999999999,
    "throughput" : 0.3382480779052973,
    "receivedKBytesPerSec" : 0.07101888354456926,
    "sentKBytesPerSec" : 0.20942312635933444
  },
  "Delete Certification" : {
    "transaction" : "Delete Certification",
    "sampleCount" : 100,
    "errorCount" : 0,
    "errorPct" : 0.0,
    "meanResTime" : 108.64000000000003,
    "medianResTime" : 109.0,
    "minResTime" : 103.0,