{
  "Add new skill" : {
    "transaction" : "Add new skill",
    "sampleCount" : 8090,
    "errorCount" : 0,
    "errorPct" : 0.0,
    "meanResTime" : 3791.1166872682334,
    "medianResTime" : 1524.0,
    "minResTime" : 143.0,
    "maxResTime" : 85335.0,
    "pct1ResTime" : 4354.900000000001,
    "pct2ResTime" : 12448.349999999999,
    "pct3ResTime" : 64389.07000000001,
    "throughput" : 10.361048604716391,
    "receivedKBytesPerSec" : 2.2664793822817106,
    "sentKBytesPerSec" : 22.239828938639285
  },
  "Update Skills" : {
    "transaction" : "Update Skills",
    "sampleCount" : 8134,
    "errorCount" : 3597,
    "errorPct" : 44.221786,
    "meanResTime" : 316.6892058028026,
    "medianResTime" : 227.0,
    "minResTime" : 36.0,
    "maxResTime" : 2468.0,
    "pct1ResTime" : 719.0,
    "pct2ResTime" : 856.25,
    "pct3ResTime" : 1244.2999999999993,
    "throughput" : 10.40569946794561,
    "receivedKBytesPerSec" : 2.368761259701773,
    "sentKBytesPerSec" : 6.844291577063454
  },
  "Add Languages" : {
    "transaction" : "Add Languages",
    "sampleCount" : 8163,
    "errorCount" : 342,
    "errorPct" : 4.189636,
    "meanResTime" : 137.39544285189362,
    "medianResTime" : 100.0,
    "minResTime" : 36.0,
    "maxResTime" : 1908.0,
    "pct1ResTime" : 286.0,
    "pct2ResTime" : 365.0,
    "pct3ResTime" : 558.3599999999997,
    "throughput" : 10.43370894515113,
    "receivedKBytesPerSec" : 2.1240990792536247,
    "sentKBytesPerSec" : 6.225582192858731
  },
  "Add Education" : {
    "transaction" : "Add Education",
    "sampleCount" : 8127,
    "errorCount" : 1861,
    "errorPct" : 22.89898,
    "meanResTime" : 604.721914605637,
    "medianResTime" : 573.0,
    "minResTime" : 55.0,
    "maxResTime" : 3210.0,
    "pct1ResTime" : 992.1999999999998,
    "pct2ResTime" : 1119.0,
    "pct3ResTime" : 1492.6000000000013,
    "throughput" : 10.396997190623129,
    "receivedKBytesPerSec" : 2.138936833236745,
    "sentKBytesPerSec" : 6.944869217174043
  },
  "Disable existing listing" : {
    "transaction" : "Disable existing listing",
    "sampleCount" : 16075,
    "errorCount" : 0,
    "errorPct" : 0.0,
    "meanResTime" : 2320.0580404354473,
    "medianResTime" : 1383.0,
    "minResTime" : 153.0,
    "maxResTime" : 84801.0,
    "pct1ResTime" : 3597.0,
    "pct2ResTime" : 4662.9999999999945,
    "pct3ResTime" : 32240.72,
    "throughput" : 20.61214545827563,
    "receivedKBytesPerSec" : 3.8144753139104735,
    "sentKBytesPerSec" : 11.69497706177553
  },
  "Delete Education" : {
    "transaction" : "Delete Education",
    "sampleCount" : 8098,
    "errorCount" : 1857,
    "errorPct" : 22.931587,
    "meanResTime" : 98.94257841442338,
    "medianResTime" : 58.0,
    "minResTime" : 1.0,
    "maxResTime" : 1569.0,
    "pct1ResTime" : 290.0,
    "pct2ResTime" : 352.0,
    "pct3ResTime" : 502.09000000000196,
    "throughput" : 10.365718630516788,
    "receivedKBytesPerSec" : 2.2114069426186176,
    "sentKBytesPerSec" : 5.9937098609210615
  },
  "Delete Skills" : {
    "transaction" : "Delete Skills",
    "sampleCount" : 8127,
    "errorCount" : 3596,
    "errorPct" : 44.24757,
    "meanResTime" : 67.89602559370007,
    "medianResTime" : 43.0,
    "minResTime" : 1.0,
    "maxResTime" : 1642.0,
    "pct1ResTime" : 185.0,
    "pct2ResTime" : 277.59999999999945,
    "pct3ResTime" : 407.880000000001,
    "throughput" : 10.397409539210656,
    "receivedKBytesPerSec" : 2.2538547804959337,
    "sentKBytesPerSec" : 6.6002779862967085
  },
  "Update Languages" : {
    "transaction" : "Update Languages",
    "sampleCount" : 8155,
    "errorCount" : 460,
    "errorPct" : 5.6407113,
    "meanResTime" : 451.7302268546906,
    "medianResTime" : 367.0,
    "minResTime" : 37.0,
    "maxResTime" : 2367.0,
    "pct1ResTime" : 858.0,
    "pct2ResTime" : 974.1999999999998,
    "pct3ResTime" : 1356.199999999998,
    "throughput" : 10.42688204901338,
    "receivedKBytesPerSec" : 2.19474684484531,
    "sentKBytesPerSec" : 6.519745528299619
  },
  "Delete Languages" : {
    "transaction" : "Delete Languages",
    "sampleCount" : 8144,
    "errorCount" : 347,
    "errorPct" : 4.2608056,
    "meanResTime" : 115.50994597249496,
    "medianResTime" : 77.0,
    "minResTime" : 3.0,
    "maxResTime" : 1503.0,
    "pct1ResTime" : 257.0,
    "pct2ResTime" : 326.0,
    "pct3ResTime" : 448.10000000000036,
    "throughput" : 10.41795921082424,
    "receivedKBytesPerSec" : 1.9764170288188845,
    "sentKBytesPerSec" : 6.0461622052039905
  },
  "Update Education" : {
    "transaction" : "Update Education",
    "sampleCount" : 8110,
    "errorCount" : 8110,
    "errorPct" : 100.0,
    "meanResTime" : 570.3720098643619,
    "medianResTime" : 607.5,
    "minResTime" : 3.0,
    "maxResTime" : 3157.0,
    "pct1ResTime" : 1072.0,
    "pct2ResTime" : 1247.699999999999,
    "pct3ResTime" : 1694.7800000000007,
    "throughput" : 10.381557438430708,
    "receivedKBytesPerSec" : 1.9843647792542944,
    "sentKBytesPerSec" : 7.320897882709523
  },
  "Delete existing listing" : {
    "transaction" : "Delete existing listing",
    "sampleCount" : 7984,
    "errorCount" : 0,
    "errorPct" : 0.0,
    "meanResTime" : 2929.732089178357,
    "medianResTime" : 1849.0,
    "minResTime" : 195.0,
    "maxResTime" : 87746.0,
    "pct1ResTime" : 5049.0,
    "pct2ResTime" : 6511.75,
    "pct3ResTime" : 32748.099999999973,
    "throughput" : 10.244263584491438,
    "receivedKBytesPerSec" : 1.9007910947786846,
    "sentKBytesPerSec" : 5.872444066500462
  },
  "Search Skill by all category" : {
    "transaction" : "Search Skill by all category",
    "sampleCount" : 7942,
    "errorCount" : 0,
    "errorPct" : 0.0,
    "meanResTime" : 13224.761521027445,
    "medianResTime" : 9757.5,
    "minResTime" : 791.0,
    "maxResTime" : 99584.0,
    "pct1ResTime" : 18668.8,
    "pct2ResTime" : 29015.699999999997,
    "pct3ResTime" : 97727.14,
    "throughput" : 10.188386368447048,
    "receivedKBytesPerSec" : 63.6376164185423,
    "sentKBytesPerSec" : 7.621390584209412
  },
  "Add Skills" : {
    "transaction" : "Add Skills",
    "sampleCount" : 8144,
    "errorCount" : 3579,
    "errorPct" : 43.946465,
    "meanResTime" : 134.6833251473475,
    "medianResTime" : 90.0,
    "minResTime" : 35.0,
    "maxResTime" : 1743.0,
    "pct1ResTime" : 304.5,
    "pct2ResTime" : 366.75,
    "pct3ResTime" : 531.1000000000004,
    "throughput" : 10.418372359587359,
    "receivedKBytesPerSec" : 2.2357224207844224,
    "sentKBytesPerSec" : 6.501308532984689
  },
  "Total" : {
    "transaction" : "Total",
    "sampleCount" : 137657,
    "errorCount" : 31840,
    "errorPct" : 23.129953,
    "meanResTime" : 1625.3930566553092,
    "medianResTime" : 284.0,
    "minResTime" : 1.0,
    "maxResTime" : 99584.0,
    "pct1ResTime" : 5585.7000000000335,
    "pct2ResTime" : 14788.95,
    "pct3ResTime" : 22491.220000000285,
    "throughput" : 175.4537795525487,
    "receivedKBytesPerSec" : 98.95229820097326,
    "sentKBytesPerSec" : 122.12616589496633
  },
  "SignIn" : {
    "transaction" : "SignIn",
    "sampleCount" : 8178,
    "errorCount" : 0,
    "errorPct" : 0.0,
    "meanResTime" : 715.113842015164,
    "medianResTime" : 572.0,
    "minResTime" : 151.0,
    "maxResTime" : 4922.0,
    "pct1ResTime" : 1363.0,
    "pct2ResTime" : 1680.0999999999985,
    "pct3ResTime" : 2797.42,
    "throughput" : 10.442830673676227,
    "receivedKBytesPerSec" : 5.017453800242874,
    "sentKBytesPerSec" : 3.536596525712502
  },
  "Add Cretifications" : {
    "transaction" : "Add Cretifications",
    "sampleCount" : 8095,
    "errorCount" : 0,
    "errorPct" : 0.0,
    "meanResTime" : 134.27869054972203,
    "medianResTime" : 80.0,
    "minResTime" : 35.0,
    "maxResTime" : 1516.0,
    "pct1ResTime" : 310.0,
    "pct2ResTime" : 377.0,
    "pct3ResTime" : 528.0,
    "throughput" : 10.361401061099626,
    "receivedKBytesPerSec" : 2.2564379263918135,
    "sentKBytesPerSec" : 6.80978800207036
  },
  "Delete Certification" : {
    "transaction" : "Delete Certification",